competitor_density,foot_traffic_score,infrastructure_score,income_proxy,transit_stops_nearby,google_rating,review_count,label
2,2.6,5.81,113644.0,1,3.6,22,0
19,3.22,7.95,433648.0,5,2.8,150,0
16,2.42,4.41,388053.0,7,3.9,170,0
10,4.8,6.29,613484.0,0,2.9,219,1
10,6.83,9.7,398452.0,4,2.7,171,1
21,2.28,5.7,307862.0,3,3.7,56,0
2,3.31,9.19,246241.0,0,4.1,110,0
17,9.3,8.14,258610.0,9,4.6,133,1
5,0.49,1.53,745886.0,5,4.5,295,1
2,4.61,4.86,173809.0,9,4.6,159,1
13,7.12,7.28,791132.0,7,4.4,190,1
24,1.5,9.88,295190.0,10,4.3,220,0
18,0.47,5.13,116293.0,11,2.5,108,0
19,1.38,1.84,236518.0,7,4.1,289,0
17,9.19,6.06,93811.0,4,2.8,202,0
19,0.09,2.14,642522.0,5,2.6,254,0
12,1.88,7.76,434415.0,9,2.9,224,1
3,0.31,5.57,302740.0,5,4.6,186,1
20,1.11,7.51,546537.0,6,4.4,9,0
11,6.2,8.82,522985.0,2,4.9,175,1
12,2.42,6.66,754904.0,11,4.9,38,1
9,5.69,6.51,770945.0,7,4.7,180,1
4,5.9,7.79,560513.0,3,2.8,210,1
23,8.49,8.58,663362.0,7,4.7,163,1
19,0.05,8.82,644319.0,4,4.6,92,1
16,8.53,1.33,418478.0,1,4.7,17,1
10,6.19,6.01,578344.0,10,2.9,201,1
20,1.63,2.95,108694.0,10,2.8,209,0
13,7.73,8.74,618516.0,10,4.8,143,1
11,8.55,6.84,771375.0,4,2.9,214,1
11,2.54,4.78,113731.0,3,3.4,233,0
5,9.19,2.69,677087.0,0,3.6,153,1
2,4.54,4.05,749735.0,8,2.8,14,1
13,6.03,7.33,219642.0,3,2.6,261,0
22,9.85,2.84,443608.0,10,5.0,140,1
1,3.62,1.84,745894.0,10,4.7,201,1
21,8.13,8.99,770170.0,1,4.8,273,1
20,3.18,7.88,145912.0,11,3.2,108,1
6,7.99,2.8,311753.0,1,3.1,186,0
15,6.01,3.63,573608.0,5,3.6,5,0
4,2.16,9.75,216169.0,5,3.6,265,0
18,4.14,7.37,293578.0,11,2.5,17,0
17,3.18,6.49,67468.0,7,4.4,162,0
8,0.78,3.77,165141.0,10,5.0,105,0
1,0.3,3.69,471747.0,7,3.8,10,0
24,3.46,1.36,539818.0,9,3.5,138,1
11,0.19,7.56,536684.0,10,3.5,280,1
22,1.65,1.39,633770.0,10,2.7,50,0
16,7.25,1.04,361461.0,4,3.2,87,0
19,7.08,7.57,255118.0,4,3.8,56,1
18,7.39,9.54,61686.0,11,3.6,37,1
4,3.17,7.81,204972.0,9,3.9,69,0
9,8.9,5.24,284291.0,11,4.6,171,1
11,5.94,5.37,183655.0,6,3.1,234,1
12,1.26,4.93,65108.0,11,2.6,207,0
1,1.44,3.92,168086.0,8,2.6,231,0
13,6.93,5.7,549575.0,8,2.8,214,1
3,1.73,4.88,522189.0,2,3.9,114,0
18,5.07,6.38,751763.0,6,4.5,270,1
17,9.92,9.08,648626.0,8,4.7,51,1
23,0.04,9.96,475817.0,9,4.1,209,1
18,0.17,1.71,153167.0,11,3.5,33,0
9,9.93,4.46,473054.0,3,2.9,229,1
24,5.85,2.63,96196.0,3,3.5,26,0
10,1.27,4.17,373164.0,11,3.3,64,0
8,8.97,3.59,342694.0,11,4.7,117,1
22,8.8,2.57,370860.0,2,3.7,208,0
9,5.36,7.88,259869.0,4,3.1,13,0
1,6.22,5.47,564373.0,11,3.2,77,1
11,2.73,9.27,680708.0,2,2.8,100,0
19,0.51,1.29,626388.0,9,4.8,219,1
4,5.95,1.6,520814.0,1,2.6,288,0
11,2.95,4.63,453759.0,2,2.5,184,0
3,6.64,1.72,73313.0,9,3.0,152,1
17,8.36,3.36,592200.0,7,4.5,100,1
11,0.18,9.87,458737.0,6,3.8,246,0
8,5.96,2.88,253056.0,10,4.1,32,0
5,2.31,2.78,295882.0,3,3.4,38,0
14,8.74,6.16,751705.0,6,2.7,60,0
16,2.54,5.48,518272.0,7,4.6,80,0
23,6.11,6.22,406934.0,8,3.0,138,1
10,5.54,4.39,515691.0,3,2.6,283,1
4,3.96,8.44,360307.0,7,3.9,195,0
20,6.78,2.25,402637.0,5,2.7,115,0
15,7.26,4.86,267732.0,6,2.7,63,0
17,5.67,7.21,379890.0,10,4.5,194,1
2,7.58,8.81,564194.0,4,3.7,75,1
7,9.83,4.33,79956.0,8,3.1,292,1
19,4.19,6.11,646271.0,11,3.4,143,1
20,5.15,1.62,262235.0,9,4.3,165,1
10,0.12,2.53,561920.0,11,2.7,271,0
20,7.96,1.62,532044.0,7,2.8,91,0
21,5.2,7.55,539471.0,3,4.0,141,1
9,4.08,3.59,506097.0,11,4.0,159,1
22,0.94,7.51,769326.0,7,4.9,81,1
7,8.9,1.6,431258.0,2,3.4,16,0
5,3.95,8.76,599239.0,3,2.7,85,0
17,6.83,8.52,579087.0,3,3.8,33,1
15,1.49,1.8,227201.0,10,4.1,202,0
3,9.62,1.21,262479.0,1,2.8,2,0
20,1.78,1.51,368013.0,8,3.9,94,0
4,2.0,8.68,258273.0,6,3.0,265,0
20,8.59,3.11,325057.0,0,4.6,170,0
0,9.13,5.93,343220.0,7,4.6,201,1
19,2.12,4.84,502898.0,9,3.6,200,0
19,4.7,8.16,214918.0,8,4.9,89,1
19,7.33,5.4,653219.0,6,4.9,189,1
16,8.78,5.51,378152.0,4,2.8,66,1
11,3.79,9.9,579683.0,1,3.4,190,0
17,5.17,2.35,111082.0,0,4.0,204,0
6,7.42,8.48,402474.0,4,2.7,262,1
19,7.31,1.47,71165.0,7,3.5,275,1
13,7.83,5.3,556932.0,0,3.2,7,0
11,5.7,8.98,307783.0,11,4.9,89,1
12,1.05,6.99,761940.0,7,3.5,164,0
14,9.04,7.17,293093.0,3,4.4,96,1
0,8.66,3.37,472854.0,11,3.5,185,1
3,7.98,4.77,243041.0,2,2.8,256,0
6,1.0,4.3,515084.0,11,4.7,77,0
2,2.04,5.69,400282.0,3,2.5,268,0
10,7.44,5.16,327971.0,4,2.6,264,1
16,0.23,3.94,202767.0,5,3.4,274,0
16,9.79,3.75,133641.0,11,4.2,22,0
11,3.77,3.26,139909.0,3,3.4,87,0
21,7.19,4.29,799280.0,11,2.7,37,1
14,8.88,2.35,359233.0,4,3.3,36,1
1,3.95,8.85,51447.0,3,3.1,15,0
19,3.19,6.42,764697.0,7,2.5,131,0
14,6.09,2.2,64985.0,8,3.8,26,0
15,5.81,7.24,363940.0,4,2.8,88,0
14,4.09,8.63,588108.0,1,3.2,294,1
13,6.02,3.14,735949.0,4,4.1,265,0
2,9.35,2.36,584665.0,6,4.3,281,1
13,4.68,1.08,397719.0,0,3.2,10,0
19,1.97,1.43,780832.0,0,3.3,198,0
7,3.77,7.86,79490.0,11,3.1,190,1
15,3.94,9.88,790169.0,0,4.9,39,1
0,1.31,1.4,687044.0,4,3.0,271,1
8,1.63,7.73,746698.0,9,3.0,121,1
10,6.85,1.65,241079.0,3,3.6,293,0
24,3.39,6.33,156844.0,5,3.0,34,0
5,9.55,7.8,547486.0,1,2.9,195,1
6,2.44,4.23,436895.0,9,2.7,39,0
10,0.99,1.1,442376.0,7,4.1,284,0
24,7.54,6.36,743464.0,10,4.0,182,1
21,8.81,9.92,515061.0,10,4.1,22,1
0,2.78,3.32,283298.0,4,4.4,64,0
5,2.02,2.71,350050.0,0,3.3,107,0
20,1.86,2.12,150122.0,4,4.8,3,0
1,5.22,6.0,194236.0,1,4.3,2,0
21,4.68,6.37,157513.0,6,4.5,277,1
7,2.59,8.13,657719.0,1,4.3,294,1
22,0.45,7.78,578655.0,11,3.4,160,0
7,4.81,9.03,447759.0,7,3.2,270,1
10,9.59,8.25,330776.0,3,3.6,196,1
16,6.53,3.23,551371.0,11,2.7,8,1
3,4.96,6.0,659679.0,9,3.6,214,1
13,1.11,3.68,710925.0,5,2.6,5,0
12,2.52,3.97,460262.0,1,2.5,244,0
19,2.95,9.39,664914.0,4,4.8,110,0
24,7.65,7.14,433479.0,7,4.2,42,0
16,8.77,9.77,405898.0,9,3.9,77,1
10,9.02,4.75,699074.0,3,3.4,205,0
10,9.85,5.84,339780.0,8,3.9,254,1
10,9.82,5.38,346935.0,3,4.7,171,1
20,9.53,1.97,278684.0,2,4.1,48,0
8,0.72,3.13,439026.0,5,4.0,270,0
4,1.38,5.75,458638.0,1,3.7,237,0
8,3.04,1.61,545346.0,4,3.4,122,0
0,5.53,9.38,372877.0,4,4.2,166,1
2,0.97,2.11,213378.0,3,5.0,289,0
2,8.46,2.78,700132.0,9,3.6,113,1
19,6.17,7.89,309501.0,3,3.5,7,0
18,5.42,1.87,742208.0,8,3.6,43,0
17,1.65,9.1,205515.0,8,3.6,180,0
11,2.53,7.53,470043.0,7,5.0,299,1
17,1.6,1.62,452461.0,3,4.3,221,0
4,8.52,7.23,671486.0,9,3.4,185,1
22,5.84,6.68,154139.0,2,3.4,96,0
12,7.35,7.82,732453.0,3,3.6,131,1
23,2.96,8.45,448571.0,10,2.6,11,0
3,3.71,7.47,489582.0,4,3.8,111,0
12,4.05,6.28,432625.0,8,4.5,187,1
17,7.6,3.9,77019.0,0,4.2,271,0
12,7.72,7.28,422818.0,7,3.0,276,1
11,2.07,9.61,247662.0,10,4.3,246,1
4,9.42,6.29,307016.0,8,4.3,6,1
9,1.21,6.98,536826.0,6,3.2,243,0
5,8.96,4.93,423273.0,10,4.1,65,1
7,1.0,7.81,119914.0,3,4.0,184,1
17,2.65,9.98,104781.0,4,4.6,283,1
15,8.46,2.44,189243.0,0,2.8,266,0
15,1.79,2.82,193164.0,8,3.0,199,0
9,4.14,5.85,506226.0,8,3.7,89,0
23,4.5,5.33,183361.0,9,2.6,156,0
2,2.45,6.14,711290.0,8,3.5,211,1
8,7.1,1.44,207320.0,1,4.5,154,0
2,8.51,4.64,118349.0,7,2.9,121,0
8,8.75,6.25,706810.0,9,3.6,120,1
24,3.39,6.27,271496.0,2,5.0,179,1
9,5.31,6.92,369067.0,5,3.8,10,0
22,2.48,7.48,769270.0,10,3.7,299,1
12,2.45,6.77,758277.0,4,3.9,30,1
17,1.61,8.11,586188.0,9,3.0,295,0
11,9.4,6.62,101704.0,6,2.9,10,0
6,8.88,5.84,495005.0,7,4.2,153,1
19,7.77,6.46,791808.0,7,3.5,125,0
24,5.18,1.91,760187.0,7,3.2,172,0
6,4.91,3.46,129502.0,9,2.6,130,0
19,5.3,5.75,346975.0,10,4.6,269,1
6,5.37,8.86,286653.0,3,2.6,4,0
17,4.35,7.11,147296.0,11,4.4,295,1
19,1.32,1.81,571099.0,7,3.5,206,0
11,1.26,6.33,255386.0,7,4.0,233,0
18,9.52,3.0,308649.0,3,3.1,41,0
6,4.82,7.61,117769.0,5,2.9,19,0
1,9.53,8.45,423476.0,7,3.8,119,1
2,1.64,6.34,168626.0,4,4.2,96,0
11,5.54,6.32,374068.0,3,3.0,234,1
22,2.08,4.05,157507.0,9,3.6,268,0
3,2.53,5.02,765387.0,4,3.6,128,1
11,0.3,8.78,158737.0,7,3.0,230,0
17,1.19,7.51,441415.0,0,3.9,17,0
5,9.17,5.68,197735.0,0,2.9,222,0
18,3.22,4.31,107271.0,10,3.8,29,0
7,6.08,1.45,201731.0,1,2.8,200,0
20,4.65,2.29,91081.0,9,3.7,114,0
14,4.0,2.74,154548.0,10,3.3,124,0
13,5.32,4.36,420113.0,5,3.6,82,0
4,1.87,9.5,538862.0,10,3.6,120,1
11,9.89,5.55,115505.0,5,4.8,262,1
21,8.18,3.11,380764.0,11,3.7,242,1
0,7.42,1.95,485935.0,2,4.5,102,0
18,4.69,4.04,225669.0,5,3.1,88,0
12,1.53,8.34,329059.0,4,3.4,152,0
17,9.21,4.45,103876.0,9,2.7,205,1
16,3.41,7.95,215098.0,0,3.6,54,0
10,0.5,8.22,400065.0,9,4.2,217,1
7,3.42,2.0,792832.0,0,4.6,284,0
15,7.94,6.48,797199.0,3,3.9,253,1
3,6.23,9.63,784716.0,7,4.1,164,1
14,7.51,4.62,367315.0,1,2.9,95,0
2,7.94,1.46,110510.0,5,2.6,97,0
16,2.12,9.31,292680.0,11,4.5,222,1
15,9.24,8.95,228286.0,9,2.9,136,1
2,4.38,5.7,60595.0,0,2.7,31,0
18,6.39,5.97,121425.0,7,4.8,203,1
10,0.02,2.91,389894.0,7,4.9,41,0
19,9.93,8.38,304747.0,0,4.0,296,1
1,2.81,5.49,185265.0,7,3.4,125,0
4,0.62,1.3,587075.0,6,4.6,102,0
12,4.58,7.15,317837.0,8,3.0,16,0
4,1.29,9.55,688901.0,3,3.6,50,0
8,1.52,8.46,230733.0,3,3.4,284,0
16,6.32,3.49,453795.0,8,4.8,161,1
3,3.93,1.48,188104.0,8,4.8,270,1
16,9.22,9.46,421475.0,1,4.1,286,1
2,3.19,9.43,164350.0,2,2.8,14,0
4,7.26,5.79,171184.0,7,3.7,114,1
14,4.61,6.78,509168.0,9,3.1,251,0
19,6.6,5.16,247840.0,2,4.7,148,0
4,6.0,4.78,179275.0,2,2.8,152,0
7,4.73,2.08,747326.0,9,2.6,171,1
23,9.5,1.87,82252.0,8,4.3,210,0
24,3.43,3.09,473861.0,10,3.6,281,1
14,1.77,8.53,461198.0,9,4.6,266,1
11,6.78,2.31,237957.0,11,2.7,187,1
8,8.46,3.04,389579.0,2,4.5,173,1
15,0.4,5.94,115803.0,3,2.6,108,0
14,4.5,2.94,590953.0,2,2.6,34,0
7,8.92,2.47,216273.0,0,3.7,212,0
0,7.5,6.07,195039.0,9,3.1,0,1
3,9.92,4.31,286159.0,7,4.0,209,1
23,5.31,6.64,726777.0,1,2.6,149,0
10,6.6,9.21,647350.0,2,2.6,235,0
12,3.02,2.36,760169.0,2,4.3,284,1
11,9.48,9.22,538972.0,4,3.0,165,1
19,3.66,9.12,547191.0,5,4.1,171,1
1,7.39,8.46,410023.0,3,4.4,146,1
2,4.03,6.68,728890.0,11,2.6,111,1
6,5.62,6.58,433158.0,2,4.4,26,1
12,7.2,6.75,316295.0,6,3.2,9,0
16,5.09,7.21,530281.0,5,3.5,216,1
12,9.07,1.15,459605.0,4,2.7,274,0
11,4.19,9.62,143015.0,9,4.6,16,0
23,6.47,6.27,344544.0,11,3.9,98,1
4,3.42,8.03,284994.0,0,3.8,182,1
14,4.08,4.4,685125.0,5,4.9,211,1
13,4.4,1.11,334132.0,1,3.3,220,0
11,1.26,5.59,666166.0,5,4.7,208,0
20,0.92,5.56,381792.0,7,4.3,25,0
6,6.67,4.93,615125.0,4,4.8,76,1
23,6.56,4.06,151461.0,3,4.8,140,0
8,6.63,3.25,743488.0,3,5.0,19,1
13,0.2,5.75,410420.0,3,2.8,102,0
13,3.27,4.38,244849.0,3,4.5,115,0
21,1.98,9.73,231117.0,4,4.5,293,1
10,7.78,2.56,248808.0,8,4.1,95,0
7,8.61,3.88,325043.0,1,3.2,291,1
0,2.47,3.65,588140.0,0,4.9,210,0
9,6.68,5.89,762202.0,6,3.0,207,1
20,1.29,5.49,551778.0,8,3.7,245,0
0,2.75,6.79,460375.0,3,3.8,252,0
22,1.39,9.55,386448.0,2,2.9,66,0
13,2.84,3.57,671146.0,7,4.3,126,1
3,6.75,7.23,687243.0,4,2.7,158,1
7,9.1,1.23,269778.0,8,4.2,293,1
13,2.03,3.36,765065.0,1,4.6,12,0
7,5.42,5.17,346337.0,1,3.4,143,0
2,7.01,1.28,650059.0,6,4.3,64,0
16,9.53,6.56,775115.0,4,2.9,62,1
16,6.1,7.1,577744.0,8,4.6,228,1
2,2.55,7.72,171163.0,6,4.9,60,0
7,6.25,5.65,489603.0,4,2.9,238,0
6,3.2,6.44,139083.0,1,4.2,298,0
16,9.76,4.56,641857.0,1,3.8,232,0
18,4.0,1.37,260986.0,9,3.8,50,0
18,6.85,1.9,571411.0,2,4.3,42,0
23,0.23,6.89,732567.0,6,3.7,131,0
19,4.0,9.96,185757.0,9,4.0,165,1
8,8.75,1.14,344643.0,10,3.1,233,1
2,6.1,6.02,535339.0,3,3.4,126,1
15,4.44,7.76,364744.0,1,4.7,50,0
22,9.36,8.44,181114.0,9,2.8,297,1
24,8.54,5.91,71804.0,8,4.0,271,1
5,3.22,6.58,354949.0,3,3.0,196,1
5,5.45,7.27,536907.0,7,4.6,208,1
0,4.9,8.73,480488.0,2,3.9,280,1
3,6.32,2.1,167181.0,8,3.5,142,1
13,3.34,9.34,388020.0,8,3.1,43,0
13,2.44,1.23,327103.0,3,3.6,181,0
9,9.13,8.53,255652.0,5,4.9,135,1
7,9.24,1.69,596953.0,4,3.8,239,1
20,8.43,2.75,282239.0,0,3.7,231,1
11,9.78,1.04,455106.0,1,4.4,141,1
20,7.45,5.01,742418.0,11,3.4,110,1
24,7.65,4.01,454457.0,5,3.6,126,0
7,7.63,2.49,512767.0,1,3.3,189,0
5,4.81,5.06,104934.0,0,2.9,191,0
23,4.56,4.62,183601.0,4,4.3,153,0
15,2.4,7.91,125713.0,11,4.7,159,1
7,6.45,9.04,623610.0,4,4.8,297,1
15,2.89,6.87,676941.0,11,4.7,76,1
12,2.58,2.12,189841.0,5,3.6,52,0
22,5.86,3.66,214454.0,9,3.2,239,0
6,4.1,9.22,292405.0,9,4.1,280,1
24,2.19,1.8,493308.0,0,4.9,182,0
23,8.16,4.66,516347.0,0,4.3,120,1
4,8.61,9.48,565065.0,11,3.7,104,1
4,1.68,9.56,728895.0,11,4.2,140,1
13,0.08,4.7,271280.0,1,4.4,15,0
1,3.36,7.01,544069.0,7,4.8,158,1
7,7.98,5.11,469792.0,11,4.4,80,1
10,8.39,7.78,279378.0,11,3.6,79,0
24,1.38,1.28,730561.0,3,3.2,168,0
24,7.74,2.3,121613.0,9,3.7,289,0
3,1.16,6.53,584001.0,7,3.3,61,1
22,3.9,3.09,595905.0,11,4.9,273,1
2,9.99,6.99,736495.0,1,3.8,155,1
18,1.93,4.16,438935.0,7,3.7,291,0
21,1.54,8.98,291217.0,0,3.4,114,0
22,4.23,8.37,670806.0,4,4.1,299,1
5,6.2,5.44,628108.0,0,3.8,197,1
22,9.33,7.96,425237.0,5,2.8,200,1
2,9.81,3.44,625893.0,9,4.7,168,1
12,0.7,5.45,250907.0,7,3.4,135,0
11,1.38,2.78,492130.0,3,3.6,157,0
7,7.91,8.75,698888.0,5,3.0,255,1
0,2.71,8.41,288488.0,4,3.9,237,1
19,8.85,9.12,412662.0,8,4.3,7,1
8,6.63,8.9,763284.0,3,4.7,208,1
16,1.12,9.64,648659.0,1,2.6,250,0
10,8.33,3.06,715279.0,6,4.9,223,1
9,1.76,9.39,338935.0,9,4.3,149,1
22,4.23,6.14,797379.0,5,3.2,100,1
2,5.52,4.8,164424.0,2,3.0,201,0
18,5.01,6.04,439078.0,0,3.2,199,0
18,6.86,4.08,409455.0,11,4.7,112,1
9,6.53,3.6,648824.0,9,3.2,121,0
6,9.92,3.17,731463.0,1,3.7,110,1
0,9.99,1.74,598355.0,0,4.3,13,1
23,5.16,5.47,520112.0,1,4.7,9,0
23,0.95,8.99,370572.0,4,4.1,24,0
6,7.28,6.67,432744.0,9,4.4,127,1
0,9.77,5.69,431975.0,1,2.9,153,1
3,3.18,4.86,65276.0,9,4.7,122,0
1,4.61,5.18,427284.0,0,3.2,286,0
20,4.25,2.88,691978.0,8,2.8,67,1
22,0.51,8.41,581956.0,3,4.9,117,1
3,6.72,2.79,646781.0,11,3.0,74,1
18,3.53,7.45,342864.0,5,2.8,89,0
4,7.87,7.84,446730.0,3,4.1,175,1
9,8.32,6.17,75113.0,2,3.3,92,1
14,8.21,8.77,337248.0,9,2.8,95,1
17,4.17,3.62,405812.0,4,4.0,201,0
21,3.22,8.93,241407.0,4,4.4,249,1
1,7.49,7.56,73431.0,8,4.5,63,1
4,8.01,8.19,567806.0,6,2.9,33,1
7,4.91,6.98,376316.0,7,3.9,71,0
7,8.93,8.62,361759.0,5,4.5,173,1
24,1.44,9.94,237490.0,0,2.9,287,0
19,8.79,4.78,453373.0,0,3.0,48,0
8,0.96,8.33,378520.0,0,2.5,12,0
24,1.54,7.7,405488.0,6,3.8,158,0
12,5.34,5.08,485654.0,6,3.0,297,0
12,0.68,9.34,54743.0,8,4.3,165,0
10,0.53,4.55,730772.0,10,4.9,277,1
3,0.01,6.09,103316.0,2,3.0,192,0
23,4.36,1.95,388194.0,11,4.1,9,0
0,7.75,3.03,205530.0,11,3.0,128,0
4,0.35,8.57,442837.0,7,2.5,231,1
5,6.52,4.57,260173.0,6,4.4,152,1
6,8.23,4.55,695005.0,2,3.6,58,0
3,1.68,3.21,347270.0,2,4.9,54,0
0,1.47,5.42,529067.0,0,3.8,199,0
16,8.61,8.25,236660.0,7,2.9,138,1
24,8.23,9.06,64555.0,5,3.6,172,1
3,5.39,1.63,353116.0,2,3.0,111,0
7,8.19,6.17,452365.0,1,4.7,101,1
12,0.93,5.21,394660.0,0,4.2,199,0
23,3.94,6.53,771511.0,7,3.4,2,0
17,7.38,5.03,580129.0,8,3.8,130,0
19,2.57,4.59,796752.0,7,4.2,111,1
14,7.52,5.25,271295.0,1,4.5,233,1
10,5.04,6.24,641790.0,0,2.7,218,0
4,7.5,5.51,466669.0,1,2.6,127,0
21,4.65,5.25,508820.0,9,2.8,78,0
20,3.68,8.36,789390.0,8,3.5,70,1
0,2.19,7.71,540490.0,3,3.7,63,0
17,2.08,4.07,724113.0,0,2.8,82,0
2,7.51,8.21,594313.0,3,3.5,228,1
18,1.19,8.68,145540.0,9,3.6,13,0
20,0.86,2.38,574568.0,1,2.8,7,0
3,1.76,6.24,413237.0,9,4.8,161,1
10,1.75,3.57,739098.0,5,4.0,67,0
3,8.23,7.65,655126.0,1,3.5,249,0
14,3.99,3.15,128101.0,11,3.8,225,0
23,9.9,7.04,150437.0,6,3.3,230,1
2,1.37,3.3,102208.0,8,4.6,137,0
9,6.54,5.6,419934.0,1,3.9,131,1
24,4.49,9.54,110579.0,4,3.7,127,0
7,3.93,4.43,592759.0,7,4.8,58,1
3,8.75,8.88,464269.0,7,4.6,170,1
12,9.76,9.88,676914.0,0,4.5,259,1
12,8.73,8.87,259847.0,7,3.1,76,1
16,1.92,2.49,439356.0,11,2.9,17,0
7,2.21,8.38,138110.0,9,4.2,169,1
23,6.56,1.29,713458.0,2,3.7,119,0
13,2.89,4.54,181254.0,10,4.2,239,0
7,7.35,8.84,126772.0,8,4.4,256,1
24,5.66,7.2,203788.0,0,3.2,285,0
23,5.51,5.79,654674.0,1,3.2,117,0
12,8.29,4.49,129361.0,11,3.7,270,1
0,7.11,8.31,510821.0,2,3.2,35,0
14,0.27,7.39,609636.0,1,4.2,111,0
13,0.49,5.22,613311.0,5,4.4,79,0
3,6.02,9.03,192546.0,6,3.7,276,1
15,4.86,3.07,96218.0,6,4.3,180,0
21,2.6,2.53,386605.0,7,3.8,109,0
2,4.19,6.79,201864.0,11,4.3,45,0
18,7.58,9.75,574453.0,9,3.1,234,1
3,8.27,3.23,317520.0,0,4.3,196,0
18,5.61,3.25,387015.0,1,4.3,255,0
10,3.85,2.26,135114.0,0,3.2,131,0
0,2.71,8.75,475663.0,4,3.9,44,1
24,5.22,3.04,189143.0,4,4.6,100,0
4,3.15,5.53,559239.0,11,3.1,186,1
14,5.64,9.92,103377.0,4,4.3,72,0
4,6.77,1.11,781921.0,0,4.9,21,0
23,0.66,6.01,563395.0,10,4.7,246,1
18,0.01,5.61,186297.0,3,3.5,159,0
20,2.12,8.27,60571.0,10,4.0,119,0
10,8.95,4.2,300847.0,9,5.0,165,1
11,6.46,4.69,164610.0,10,3.9,221,1
15,1.72,2.51,213808.0,9,2.8,0,0
19,8.9,7.67,704563.0,1,2.6,132,1
21,4.7,8.06,502403.0,7,4.5,76,1
0,4.76,2.23,182343.0,4,3.6,27,0
16,9.36,4.54,467495.0,7,3.1,10,1
2,0.59,9.04,241835.0,8,3.4,132,0
7,2.15,1.02,782151.0,6,4.4,163,0
20,5.86,3.69,74568.0,3,3.7,152,0
6,1.95,6.0,599239.0,10,4.7,234,1
19,6.8,4.01,629748.0,7,4.3,137,1
11,2.14,3.45,100372.0,10,4.9,176,1
5,0.99,5.14,178902.0,2,4.7,244,0
8,2.07,2.63,338230.0,10,3.1,197,0
13,4.23,5.77,701116.0,3,4.1,273,0
19,1.76,7.36,452750.0,5,2.6,66,0
15,1.35,6.18,541480.0,10,5.0,236,1
23,8.6,1.84,637260.0,4,3.2,209,1
21,3.2,8.6,671092.0,3,4.2,174,0
18,3.61,2.57,407213.0,10,4.6,1,0
15,0.55,7.88,431595.0,11,2.9,162,1
7,3.57,4.25,588504.0,3,4.6,257,1
10,2.65,8.04,247507.0,3,2.5,193,1
2,6.1,2.86,690867.0,2,3.6,1,0
9,2.05,2.68,65590.0,0,3.7,86,0
23,8.88,5.47,196829.0,6,3.4,170,0
10,9.3,1.3,650150.0,3,4.0,243,1
2,1.0,3.03,305194.0,10,4.8,133,1
16,1.07,7.52,162375.0,2,3.3,257,0
24,1.15,8.54,190066.0,7,3.9,238,0
21,6.2,1.73,448067.0,6,4.7,80,1
6,1.22,8.94,684636.0,7,4.4,58,1
11,8.52,8.18,102988.0,1,2.6,270,0
13,7.54,8.83,72861.0,5,4.9,176,1
6,8.2,7.29,398876.0,7,2.6,254,1
6,5.26,7.07,767141.0,4,4.0,276,1
5,9.97,5.73,259257.0,10,3.9,127,1
24,0.44,6.88,769378.0,6,4.5,13,0
18,4.01,9.27,715761.0,4,2.9,272,0
21,3.24,1.9,262351.0,0,2.9,175,0
20,9.49,3.84,662711.0,2,4.4,36,1
23,5.77,1.65,564400.0,5,2.9,158,0
2,8.06,9.5,433867.0,4,3.7,8,1
22,1.7,5.01,367187.0,10,4.3,86,0
1,9.79,7.08,661627.0,9,4.1,104,1
11,4.99,8.57,644810.0,1,3.0,136,0
14,4.94,9.92,617702.0,7,3.3,169,1
8,9.71,2.46,798692.0,5,4.9,251,1
3,3.81,8.2,408884.0,1,3.6,105,0
4,3.98,8.99,655192.0,7,2.6,220,0
20,5.85,1.44,696859.0,6,3.0,282,0
7,1.28,7.79,208702.0,1,3.4,224,1
7,3.21,4.19,81550.0,5,5.0,76,1
23,1.93,6.84,353561.0,8,3.3,203,0
3,1.03,5.63,692553.0,3,2.6,84,0
22,8.66,3.34,266827.0,4,3.8,143,0
23,5.89,2.22,575008.0,1,2.7,190,0
14,3.59,2.05,55511.0,2,3.2,87,0
4,4.09,1.93,316523.0,11,5.0,1,1
3,4.32,6.74,511638.0,7,4.3,251,1
7,6.33,4.16,147318.0,2,2.6,218,0
14,9.27,2.95,722455.0,5,3.6,36,1
3,9.33,7.23,167205.0,2,2.9,113,0
11,3.91,7.18,732345.0,5,2.8,78,0
2,3.29,5.85,212292.0,1,4.0,293,0
13,4.51,9.41,795709.0,7,3.8,282,1
0,5.68,4.47,503562.0,6,4.4,207,1
17,4.62,8.52,113259.0,7,4.7,132,1
1,6.59,1.68,98958.0,5,3.1,15,0
4,5.54,7.66,106191.0,3,4.8,74,1
4,3.21,9.9,492420.0,2,3.8,27,1
20,3.46,8.62,657184.0,2,3.1,236,1
1,3.79,6.22,352222.0,5,4.6,26,0
10,0.95,6.64,383627.0,5,2.6,203,0
14,1.66,4.18,491966.0,8,3.9,285,1
12,7.23,7.12,449780.0,0,4.3,92,0
17,3.89,7.93,566046.0,3,3.2,205,0
20,2.15,9.98,403839.0,10,4.7,263,1
9,5.63,5.43,585396.0,10,3.1,128,0
20,7.56,1.55,797983.0,11,4.6,134,1
7,2.57,6.36,312723.0,3,2.7,60,0
24,8.27,2.07,59162.0,1,2.9,128,0
12,9.28,3.2,144219.0,2,3.5,262,0
18,5.97,3.96,465136.0,1,4.6,199,1
21,6.69,7.58,308193.0,11,2.9,60,0
19,0.53,2.65,754987.0,10,4.7,157,0
21,9.46,2.49,520585.0,9,3.1,212,1
13,3.92,1.4,440266.0,8,3.6,23,0
1,9.24,8.86,648530.0,4,3.4,228,1
12,5.79,7.24,243942.0,5,2.8,60,0
4,0.05,1.36,664804.0,10,4.9,88,0
22,0.39,1.25,52296.0,9,3.6,124,0
5,6.8,6.03,514758.0,6,4.2,151,1
5,5.63,3.54,751068.0,10,3.9,274,1
6,0.27,6.37,640895.0,4,3.8,66,1
16,7.43,4.91,690226.0,4,4.0,76,1
14,8.52,9.31,347716.0,10,4.7,113,1
23,4.96,3.59,668179.0,4,4.2,257,0
10,4.66,7.11,463124.0,9,3.8,289,1
7,0.05,1.49,513905.0,5,4.1,136,0
1,7.87,9.6,94187.0,3,4.0,207,0
0,3.31,9.83,201164.0,2,3.6,275,0
9,8.79,7.65,463223.0,7,4.1,253,1
23,3.73,5.19,94101.0,5,3.6,204,0
13,5.65,2.98,606085.0,4,4.4,162,1
22,2.7,8.31,680043.0,8,4.9,295,1
2,1.61,7.63,740272.0,0,4.9,71,1
2,7.75,3.0,126326.0,1,4.6,108,0
20,4.97,5.06,754790.0,11,4.0,213,1
2,5.36,5.17,100715.0,7,4.4,6,0
1,9.65,8.44,405542.0,6,2.9,150,1
10,9.64,7.15,680188.0,0,3.7,256,1
23,8.56,6.79,102733.0,7,3.1,53,0
17,1.88,6.85,63673.0,5,2.5,240,0
2,5.94,3.43,68711.0,7,4.9,123,1
20,8.78,4.35,433453.0,0,4.7,258,0
21,3.74,1.41,658698.0,6,3.8,190,0
20,1.01,8.08,145570.0,6,3.1,47,0
22,8.11,4.9,143458.0,3,4.2,220,0
5,4.82,4.94,476410.0,0,3.6,16,0
24,5.64,3.21,225722.0,11,4.5,72,1
8,9.82,2.88,597660.0,8,5.0,266,1
20,6.07,6.29,762227.0,7,3.4,262,1
14,4.25,3.09,624525.0,9,3.1,13,0
19,3.7,1.58,707882.0,8,3.2,113,1
15,4.18,7.91,439690.0,1,2.7,28,0
16,1.18,4.39,674239.0,5,3.5,81,0
15,7.95,4.42,187177.0,10,2.5,290,0
19,8.38,4.88,101261.0,3,2.8,58,0
18,2.84,8.34,541965.0,11,3.2,192,0
3,3.04,3.89,88964.0,0,2.9,241,0
20,8.74,7.82,719361.0,3,4.3,264,1
13,0.24,9.46,568666.0,4,2.8,106,0
8,5.2,6.95,764151.0,7,4.7,209,1
12,4.64,4.89,285415.0,2,3.1,145,0
24,6.9,7.73,414619.0,2,2.8,32,0
21,1.63,5.12,606268.0,7,2.5,66,0
20,6.68,4.73,232084.0,3,4.3,224,1
11,3.77,5.73,456387.0,10,3.1,205,0
19,6.19,3.86,544600.0,10,3.8,156,1
9,0.4,1.94,784106.0,3,2.8,234,0
17,4.62,4.73,608527.0,6,5.0,207,1
15,5.22,2.11,138598.0,3,2.8,101,0
6,2.14,4.69,406500.0,4,3.5,88,0
6,1.4,6.01,491578.0,8,4.6,283,1
1,1.88,9.38,159967.0,3,3.1,291,1
3,3.44,1.33,373975.0,1,3.2,9,0
10,0.97,6.59,263004.0,3,4.5,237,0
11,9.47,5.12,139121.0,11,3.2,39,1
4,4.05,1.18,434031.0,3,2.5,258,0
10,8.09,3.25,174225.0,4,3.6,176,0
15,9.74,2.07,492903.0,7,2.5,206,0
5,0.81,2.95,177273.0,1,4.8,210,0
8,6.52,3.47,592696.0,3,4.1,181,1
9,8.71,4.61,196431.0,2,4.0,75,1
12,6.34,5.76,722214.0,11,3.0,242,1
9,4.29,1.01,69657.0,11,4.2,166,0
18,4.31,2.46,441498.0,9,4.2,163,1
8,0.36,1.84,290079.0,2,2.7,95,0
10,5.35,5.95,218807.0,7,4.7,3,0
9,9.94,3.96,403702.0,7,3.9,166,1
4,9.59,5.94,681515.0,10,4.5,103,1
17,0.4,3.0,736458.0,1,3.2,197,0
5,7.06,1.22,277436.0,8,2.8,109,0
7,3.02,9.47,165683.0,2,4.3,291,0
19,9.03,1.97,590105.0,6,4.5,204,1
23,0.45,2.14,486499.0,10,3.5,136,0
16,9.36,2.32,200762.0,0,2.6,212,0
22,8.37,9.83,620222.0,1,4.5,194,1
21,1.18,6.56,439198.0,9,3.0,186,1
12,0.6,6.49,540046.0,0,3.3,173,0
19,8.35,9.88,319504.0,8,4.1,279,1
8,1.56,1.8,379323.0,6,2.7,95,0
11,5.35,9.77,185257.0,4,2.7,129,0
13,9.16,2.84,617387.0,10,2.6,75,0
24,5.67,6.61,167758.0,10,4.8,170,1
21,3.97,4.78,633727.0,3,3.3,296,1
12,4.45,4.46,648506.0,0,4.2,182,0
16,0.63,9.38,609951.0,1,5.0,62,0
5,9.69,2.34,64567.0,1,4.2,276,0
20,3.11,9.97,254850.0,11,3.8,237,1
13,1.89,4.41,401253.0,7,3.8,132,0
13,2.86,6.84,496658.0,8,3.4,43,0
19,9.64,9.71,739417.0,2,4.0,120,1
15,0.94,1.52,331704.0,10,4.9,241,0
1,8.67,9.31,706267.0,8,4.5,173,1
7,7.08,6.11,172572.0,9,3.6,55,1
4,8.3,7.34,328460.0,5,3.3,47,0
18,9.76,2.34,89212.0,8,4.7,290,1
0,8.42,5.8,606867.0,6,2.8,134,1
5,9.43,7.06,162990.0,4,4.6,205,1
14,1.27,5.11,242765.0,7,3.1,108,0
17,7.96,2.39,631425.0,3,4.3,27,0
12,5.46,3.2,451038.0,11,4.5,123,0
21,5.43,8.69,60480.0,8,3.7,207,1
22,8.99,1.31,51676.0,8,3.0,100,0
3,9.72,7.38,432995.0,8,4.6,181,1
23,7.05,9.99,278717.0,5,3.4,131,1
15,4.83,1.07,185234.0,11,3.3,101,0
15,4.56,2.45,510195.0,2,3.8,76,0
2,3.86,7.07,221327.0,6,3.6,78,0
15,3.62,1.54,494155.0,0,4.2,76,0
18,3.92,6.31,334449.0,3,2.8,215,0
14,0.9,7.16,190060.0,6,3.6,101,0
2,0.77,6.29,153579.0,5,4.7,222,0
13,7.8,4.29,227645.0,11,2.6,93,0
23,4.46,7.28,72374.0,7,3.6,98,0
18,9.31,6.35,281095.0,4,4.2,277,1
3,6.12,2.87,726466.0,5,4.7,262,1
23,0.35,6.07,673522.0,7,4.0,120,1
23,1.58,8.94,329003.0,9,4.6,80,1
4,2.06,7.0,481875.0,3,3.1,214,0
20,9.76,5.25,475520.0,7,3.4,20,1
10,2.19,3.89,671553.0,6,4.9,136,1
14,5.16,1.77,227218.0,0,4.7,179,0
11,9.36,3.2,272291.0,10,3.9,202,0
19,9.77,1.1,276339.0,6,3.7,32,0
24,2.36,9.88,80652.0,2,3.6,0,0
19,0.49,3.0,286016.0,7,2.6,82,0
23,1.54,8.33,708435.0,8,4.7,35,1
23,0.63,2.52,733991.0,10,4.5,152,1
2,1.95,3.55,132227.0,0,3.6,275,0
6,5.69,4.76,393544.0,4,3.2,85,0
18,9.12,3.92,336012.0,2,3.4,136,0
14,5.37,8.19,417019.0,6,2.8,64,0
1,6.26,9.62,466040.0,6,4.3,13,1
2,2.02,8.88,65194.0,5,3.9,210,0
13,8.01,2.38,681682.0,11,3.1,76,1
15,6.18,7.99,780248.0,6,4.1,164,1
4,8.64,2.33,540054.0,4,4.9,204,1
4,9.49,9.22,545339.0,0,2.8,251,1
3,3.48,5.66,445985.0,3,3.6,55,0
14,0.91,4.03,300705.0,10,3.7,174,0
0,2.26,2.41,161733.0,5,2.9,273,0
14,4.38,1.11,488048.0,10,3.8,145,0
11,9.46,3.23,83706.0,6,4.0,12,1
11,3.78,9.23,668377.0,6,2.9,78,0
16,7.71,8.18,365684.0,5,2.9,238,1
13,5.4,9.73,361066.0,6,4.6,237,1
18,1.83,1.91,295378.0,0,3.3,94,0
19,3.21,6.33,777015.0,0,4.1,59,0
23,6.53,3.31,181188.0,5,4.1,87,0
19,6.73,5.89,163481.0,7,4.6,72,0
12,4.35,3.88,174149.0,6,4.3,222,0
12,2.29,3.55,543896.0,5,4.6,252,1
5,7.22,6.16,793921.0,3,4.1,13,1
14,1.69,2.65,226606.0,8,3.6,222,0
3,9.37,5.22,729213.0,7,3.5,225,1
23,1.88,6.86,258962.0,0,3.4,183,0
21,1.07,2.15,535925.0,5,3.5,261,0
2,4.98,9.38,80374.0,8,2.8,11,0
19,5.2,5.55,421740.0,9,3.6,209,1
2,5.08,8.38,540927.0,3,3.5,38,1
18,4.37,6.89,452240.0,11,2.6,269,1
2,9.95,7.39,228377.0,7,3.2,149,1
12,4.86,7.45,671373.0,5,4.4,27,1
16,4.78,8.88,777602.0,7,3.9,223,0
18,4.22,6.52,394397.0,10,4.5,224,1
10,0.67,3.5,526939.0,2,3.9,139,0
23,5.93,1.9,642810.0,1,4.6,93,1
19,2.28,6.46,231117.0,5,4.5,5,1
5,6.38,1.6,698338.0,1,2.7,272,0
16,0.51,3.17,260151.0,10,4.9,55,0
18,9.81,1.55,631873.0,11,2.5,252,0
8,4.69,5.94,134074.0,7,4.0,176,1
18,8.97,2.44,266290.0,11,4.5,205,1
22,4.76,6.49,450215.0,0,3.3,208,0
20,0.6,8.12,443692.0,7,4.0,257,1
19,8.22,8.4,687823.0,5,3.4,10,1
15,6.48,3.79,797095.0,3,2.7,297,1
6,7.82,5.94,130408.0,3,2.5,12,0
19,4.28,6.07,253541.0,6,2.7,299,0
9,6.38,5.26,318199.0,7,2.7,78,0
13,8.56,6.9,409189.0,1,4.0,253,1
7,6.31,2.89,420432.0,7,3.8,25,1
7,3.48,9.81,692146.0,11,3.6,138,1
3,6.63,1.88,627919.0,0,4.2,162,0
24,6.72,8.46,64139.0,10,2.5,286,1
3,9.61,6.35,391266.0,7,3.2,37,1
2,3.71,3.2,513555.0,4,4.4,10,0
23,4.25,7.71,395297.0,8,4.8,194,1
13,8.12,1.76,147984.0,7,3.6,14,0
10,5.06,7.97,348106.0,9,2.7,233,1
18,7.37,6.31,358742.0,0,4.5,11,0
9,4.6,2.0,190787.0,0,4.7,291,1
3,2.15,1.72,617230.0,7,3.5,159,0
18,7.45,7.76,291051.0,3,3.1,284,1
4,1.31,3.64,491740.0,2,2.6,37,0
13,1.99,9.0,436798.0,5,4.0,82,0
23,6.27,7.86,708070.0,8,4.8,136,1
23,7.47,7.28,141511.0,2,4.2,8,0
9,8.95,3.51,135697.0,11,3.3,30,0
19,2.73,7.38,275240.0,5,4.1,98,0
15,1.11,9.53,373411.0,1,4.6,221,1
11,9.56,1.82,273907.0,0,3.7,212,0
3,1.54,3.94,622390.0,10,4.5,26,0
9,1.98,3.11,233949.0,1,3.5,17,0
16,2.91,4.54,113581.0,5,3.4,196,0
24,5.29,7.68,360350.0,8,4.0,107,0
0,8.83,5.27,630034.0,6,3.7,237,1
17,7.61,6.14,687921.0,3,4.9,89,1
21,7.08,3.83,600009.0,1,3.8,108,0
23,1.75,2.27,468415.0,8,3.5,65,0
10,3.58,3.4,593144.0,5,3.5,79,0
2,4.78,8.74,561042.0,0,3.9,211,1
6,1.47,6.42,225775.0,2,3.4,141,0
21,2.73,4.4,463069.0,6,4.3,197,1
21,3.08,8.11,627957.0,2,3.5,23,0
15,1.27,1.58,287840.0,4,3.5,160,0
3,5.5,3.29,540480.0,1,4.0,137,0
3,7.05,3.07,411110.0,9,2.7,273,0
11,0.7,9.87,427369.0,7,4.1,127,0
14,4.81,7.35,117541.0,9,3.8,30,0
0,7.82,6.56,549663.0,0,3.6,209,0
17,7.48,1.04,699265.0,4,4.3,44,0
13,8.15,2.66,156073.0,3,4.4,272,0
0,4.48,6.72,324579.0,7,4.6,115,1
2,8.21,4.42,86501.0,9,3.4,235,1
11,2.41,9.32,72224.0,2,3.3,196,0
18,3.61,7.88,792244.0,9,4.3,139,1
20,1.76,5.03,420104.0,6,4.0,175,0
10,4.67,7.75,316639.0,9,4.1,54,1
7,3.92,9.78,256158.0,0,3.9,22,1
24,2.41,5.15,785009.0,11,4.4,229,1
11,7.52,6.78,239188.0,5,3.0,287,1
7,3.14,9.27,594281.0,3,3.9,258,0
11,2.73,3.24,262819.0,2,2.9,91,0
0,1.31,8.98,102867.0,11,3.5,107,1
7,4.39,1.88,562457.0,10,4.2,107,0
12,3.03,6.84,51223.0,1,3.7,210,0
22,3.69,8.05,556811.0,5,3.4,187,1
18,2.36,6.53,237782.0,8,4.7,238,0
19,7.63,5.46,609578.0,7,4.4,283,1
13,9.3,6.56,627313.0,2,3.8,117,1
2,4.98,2.36,593080.0,4,4.9,198,1
9,6.43,2.94,68363.0,4,3.6,150,0
24,8.67,3.43,577802.0,3,4.5,286,0
1,9.99,6.38,792609.0,11,2.9,106,1
21,6.14,4.98,231969.0,2,3.2,56,0
17,8.9,3.2,255679.0,8,3.3,113,1
7,9.09,8.95,660145.0,10,2.8,185,1
19,7.91,4.37,170298.0,9,3.8,286,1
20,4.61,5.01,545438.0,9,3.0,248,0
1,0.81,4.69,616270.0,1,4.1,5,0
2,0.16,2.64,77870.0,1,3.0,152,0
16,4.77,7.58,465322.0,9,2.8,47,0
24,4.94,5.04,481908.0,8,4.9,108,1
0,4.07,1.15,277582.0,8,4.1,283,0
16,5.68,9.68,707259.0,5,4.8,295,1
3,5.52,8.34,172062.0,6,3.7,46,1
16,8.37,7.51,323146.0,0,2.6,42,0
15,1.09,8.82,686502.0,3,3.9,208,0
2,2.25,9.16,192982.0,6,3.9,123,0
17,7.93,4.04,666031.0,1,2.5,129,0
22,8.48,6.5,109302.0,1,4.7,262,1
21,9.95,6.48,416922.0,0,4.0,276,0
0,8.73,3.41,106498.0,2,4.4,270,1
6,8.9,3.0,558428.0,11,3.7,234,1
6,3.14,2.03,642951.0,8,4.0,294,1
11,4.02,6.93,687394.0,11,3.1,215,1
3,2.68,8.03,785947.0,3,4.9,265,1
21,6.06,7.85,554012.0,7,3.5,162,1
19,9.39,3.85,626796.0,10,2.9,15,0
20,3.45,2.85,429319.0,4,2.6,244,0
4,5.57,5.08,734553.0,7,4.1,278,1
0,2.96,5.92,532819.0,8,5.0,93,0
22,1.7,9.27,712664.0,9,4.7,128,1
7,1.95,8.87,226589.0,11,4.3,171,1
16,0.58,9.24,422553.0,7,5.0,195,1
22,9.49,8.65,597364.0,6,4.3,202,1
0,4.03,9.68,202041.0,10,3.3,118,1
0,8.34,5.19,208505.0,8,4.0,256,1
0,6.81,1.43,783532.0,4,2.7,244,0
3,1.92,1.75,375958.0,7,3.1,282,1
1,1.75,4.51,186362.0,6,3.5,172,0
20,8.12,3.32,298598.0,2,3.0,23,0
15,2.65,2.53,348032.0,6,4.9,253,1
24,9.13,9.58,517314.0,7,5.0,23,1
20,1.4,2.76,742261.0,10,3.4,58,0
24,6.78,9.63,789943.0,6,4.3,85,1
5,8.14,7.85,538774.0,1,3.5,55,0
7,2.35,6.77,574942.0,11,2.8,217,1
21,2.76,7.08,291372.0,6,3.3,132,0
6,9.65,3.98,692869.0,3,3.1,65,1
1,2.65,6.82,213349.0,9,3.3,1,0
16,4.3,2.68,129785.0,4,3.0,64,0
20,4.33,9.44,779942.0,4,2.8,207,1
24,2.53,3.72,698104.0,10,3.0,238,1
23,7.76,3.3,277734.0,10,4.8,88,1
3,7.72,7.4,556378.0,6,2.7,21,1
19,3.78,6.91,400264.0,4,3.3,167,0
21,8.35,5.06,292346.0,10,3.8,234,1
17,2.13,6.69,265081.0,2,3.4,21,0
20,0.04,2.44,152021.0,8,3.8,238,0
20,5.71,7.06,461989.0,7,2.6,51,0
11,9.94,3.44,384948.0,10,4.1,77,1
1,0.39,3.46,434140.0,5,3.9,186,0
11,2.08,2.46,211518.0,9,4.2,15,0
5,5.19,3.99,753958.0,0,3.9,91,1
2,8.1,3.98,528943.0,9,3.6,41,1
3,0.89,5.09,724700.0,0,3.4,64,0
17,3.95,2.71,131953.0,7,3.1,232,0
12,7.47,2.74,517138.0,2,3.8,68,0
13,3.72,5.88,687096.0,11,2.6,13,1
18,1.89,2.16,298191.0,9,3.3,64,0
13,1.95,7.2,196357.0,1,4.2,26,0
15,4.1,9.5,248766.0,10,2.8,186,0
2,4.79,4.84,254700.0,3,2.7,291,1
21,8.62,9.11,385399.0,6,4.1,50,1
11,6.42,1.88,294473.0,1,3.5,218,0
3,6.9,1.39,253456.0,1,4.5,108,1
20,9.83,7.49,536384.0,2,4.8,21,1
18,4.12,7.85,89774.0,6,4.9,206,0
1,4.03,8.59,305273.0,6,3.6,62,0
4,9.23,1.51,567314.0,10,3.2,154,1
0,2.46,7.99,181887.0,1,4.0,152,1
6,7.3,4.39,215696.0,8,4.1,179,1
2,7.55,3.73,200500.0,0,4.1,40,0
17,0.98,2.56,50695.0,3,3.3,75,0
13,4.68,9.96,405326.0,2,2.7,221,0
24,2.01,1.57,79219.0,1,3.0,279,0
18,1.85,8.44,254705.0,7,2.9,3,0
15,4.64,6.76,796103.0,10,2.8,124,1
12,2.89,7.62,738797.0,8,4.8,264,1
1,7.96,7.41,211307.0,10,2.5,86,1
1,9.08,8.73,282502.0,7,4.0,134,1
15,8.03,2.65,397778.0,0,4.9,271,1
0,2.66,1.01,683310.0,4,3.4,290,0
1,2.74,6.39,651984.0,9,3.8,196,0
5,2.55,4.18,144681.0,0,4.2,208,0
22,1.35,2.11,143337.0,1,3.3,184,0
11,9.44,2.68,362549.0,10,3.7,85,1
17,4.02,3.99,702572.0,0,4.5,266,0
10,2.25,1.63,711564.0,11,4.4,10,0
4,8.47,1.51,130524.0,9,4.5,17,1
9,3.99,9.24,480723.0,7,5.0,180,1
2,0.35,3.81,166756.0,6,3.4,251,0
19,1.62,9.84,564597.0,1,4.4,244,1
4,6.39,9.68,737325.0,4,4.0,203,1
9,7.83,2.28,391077.0,9,4.2,112,1
24,2.11,7.43,112312.0,10,4.3,107,0
14,9.17,6.41,484441.0,5,4.4,127,1
11,8.51,7.22,356388.0,10,4.7,76,1
13,8.48,1.87,658174.0,9,3.4,125,1
19,2.28,2.7,305258.0,0,4.1,31,0
6,0.51,1.69,706173.0,7,3.2,95,0
15,8.67,6.44,255275.0,7,4.0,282,1
21,3.06,9.88,168138.0,6,4.4,212,0
14,6.19,7.05,279860.0,9,4.5,42,1
11,7.6,7.4,76187.0,10,3.6,85,1
3,1.28,9.86,260934.0,6,3.8,77,0
6,7.81,7.1,545088.0,3,3.3,84,0
23,9.39,1.36,156712.0,11,2.9,207,0
13,7.28,8.8,133524.0,11,3.2,268,1
7,4.41,4.28,149289.0,8,4.8,213,1
10,8.77,1.04,108164.0,7,3.3,146,0
14,5.27,5.57,705977.0,1,4.9,48,1
13,7.45,9.43,758086.0,4,3.1,42,1
17,8.21,3.32,84921.0,2,4.3,244,1
6,7.49,5.42,620054.0,6,3.9,203,1
16,2.88,2.56,602864.0,9,4.2,153,0
11,1.18,1.52,797682.0,2,4.1,173,0
23,2.38,1.72,310903.0,11,4.3,254,0
3,5.03,7.54,264132.0,1,4.8,244,1
3,5.05,8.78,389812.0,1,3.9,26,0
11,5.83,2.29,692431.0,11,2.7,118,0
12,3.95,3.59,596445.0,1,3.2,12,0
17,7.87,2.76,403718.0,8,4.3,115,1
10,9.13,1.24,233422.0,9,3.7,191,1
22,2.47,5.98,595262.0,3,3.9,62,0
11,7.37,7.3,690895.0,0,4.0,45,0
3,6.78,6.83,349963.0,3,3.5,147,1
2,5.23,4.49,551439.0,0,4.4,157,1
24,1.89,6.0,350159.0,8,4.3,214,0
3,7.95,1.85,408870.0,10,4.3,4,0
23,9.61,2.39,443683.0,11,4.3,74,1
6,7.22,9.39,631794.0,9,4.7,233,1
2,9.18,7.85,783129.0,9,4.0,204,1
7,9.84,9.3,383275.0,10,4.9,269,1
15,3.52,9.25,306736.0,9,2.8,244,1
10,6.38,6.84,330193.0,7,4.1,251,1
19,4.74,9.35,150417.0,11,4.3,153,0
15,9.87,4.75,272704.0,3,3.7,287,0
10,0.94,1.03,114836.0,4,3.2,124,0
15,4.12,1.56,370921.0,10,3.9,270,0
24,8.76,1.99,175518.0,3,3.4,117,0
10,2.84,1.86,309805.0,3,4.8,133,0
3,7.88,4.17,645183.0,1,3.4,205,1
10,3.83,7.31,234446.0,3,2.9,119,0
21,9.8,8.12,508921.0,7,3.9,44,1
5,8.84,6.31,725886.0,10,3.5,268,1
23,3.01,2.32,475197.0,1,2.7,135,0
14,7.7,7.73,195344.0,8,3.9,278,1
15,3.37,4.19,308575.0,9,3.8,119,0
7,6.06,1.12,492777.0,10,2.9,291,1
23,6.58,3.53,429958.0,9,4.0,180,1
0,8.3,3.98,161465.0,1,3.9,230,1
7,0.24,3.47,385097.0,5,4.4,226,1
10,2.2,8.31,457300.0,11,3.4,60,0
11,7.12,7.84,250500.0,10,3.1,244,1
11,5.64,7.26,509334.0,7,4.9,283,1
3,4.96,2.25,102620.0,11,3.9,198,1
5,0.55,8.27,302455.0,8,2.6,284,1
2,3.48,7.09,653208.0,0,4.6,253,1
14,8.65,2.75,244464.0,10,3.0,199,1
8,0.31,6.83,503883.0,2,4.5,143,1
14,3.96,5.35,357522.0,4,4.3,257,1
14,9.45,4.95,287345.0,2,4.9,55,1
17,0.51,2.01,737099.0,8,4.9,168,1
13,7.5,5.66,307446.0,0,3.2,244,0
16,2.58,1.9,227507.0,7,4.4,283,1
14,8.67,2.48,731976.0,10,3.3,80,0
16,7.46,2.19,609458.0,9,4.1,28,0
15,8.86,9.59,561350.0,3,4.0,100,1
7,2.16,3.56,87151.0,10,2.6,259,0
6,5.31,4.2,148404.0,4,2.5,157,0
19,7.79,3.9,528755.0,8,2.6,16,0
8,2.46,9.08,207075.0,6,2.8,35,0
13,2.31,6.07,219228.0,0,3.1,101,0
4,0.27,9.27,634354.0,0,4.8,102,1
10,9.59,3.7,264444.0,2,3.8,40,1
13,7.1,2.03,103690.0,11,4.5,148,1
15,6.36,6.01,77324.0,11,4.6,143,1
13,7.44,4.11,382383.0,4,4.3,59,0
9,5.32,8.22,512846.0,11,3.5,69,1
24,4.76,8.91,701664.0,0,4.7,199,0
12,4.5,5.25,133103.0,11,4.4,285,1
20,6.4,9.74,197505.0,2,4.4,298,1
18,2.02,5.98,447350.0,0,4.8,167,0
13,8.88,3.44,323081.0,9,4.0,11,1
22,8.12,5.4,411903.0,4,3.8,269,0
3,3.5,1.34,743093.0,3,4.7,285,1
23,5.79,8.24,458669.0,9,3.6,83,1
21,1.41,1.91,361340.0,3,4.5,120,0
12,9.72,3.78,792080.0,9,2.6,7,1
18,9.03,6.09,98912.0,2,2.5,240,0
13,9.22,1.39,749085.0,1,3.8,232,1
6,3.32,1.71,426246.0,3,2.7,6,0
19,1.69,7.27,427817.0,7,4.9,210,1
6,2.12,1.65,741473.0,2,2.5,123,0
7,0.9,5.29,430493.0,1,4.3,163,1
12,1.2,4.05,378805.0,8,3.1,65,0
20,0.71,3.05,254366.0,5,4.9,244,0
9,9.9,2.7,544113.0,5,3.5,121,1
12,0.74,7.87,477234.0,2,2.6,252,0
1,1.33,9.56,210759.0,0,2.6,44,0
2,8.27,2.26,582060.0,0,3.9,176,1
1,5.8,9.64,533065.0,8,5.0,93,1
1,7.74,6.35,348000.0,0,4.9,289,1
21,6.31,6.77,53301.0,2,3.3,167,0
21,8.82,7.39,384936.0,10,3.7,215,1
20,6.38,7.34,54544.0,4,2.8,25,0
1,5.22,8.38,106249.0,8,3.8,203,1
1,7.13,5.35,372957.0,4,4.0,30,0
7,4.47,5.8,111440.0,11,3.1,108,0
14,3.46,3.91,256749.0,9,4.0,66,0
8,4.68,1.95,541619.0,5,4.7,0,1
12,1.7,6.98,281462.0,8,2.5,175,0
4,7.97,1.3,798236.0,4,3.1,72,1
18,2.61,3.48,737227.0,11,3.0,153,0
7,1.54,1.85,488982.0,4,2.8,229,0
1,2.46,2.72,775210.0,10,2.9,53,0
18,8.42,6.75,701013.0,7,4.1,212,1
22,3.3,6.66,289174.0,7,2.8,89,0
0,6.86,4.79,612197.0,4,4.3,99,1
10,8.56,1.81,152624.0,9,4.7,173,1
20,0.78,4.9,563414.0,8,4.8,187,0
17,7.65,4.17,418311.0,9,4.2,196,1
21,3.08,7.48,62619.0,9,3.0,58,0
10,2.17,6.21,255672.0,1,2.7,173,0
9,6.89,5.42,766537.0,10,3.1,79,1
17,9.1,5.38,286874.0,10,4.9,83,1
3,2.95,9.7,186091.0,2,4.9,284,1
5,5.69,7.81,190649.0,11,3.5,30,1
15,2.9,5.47,409410.0,6,3.3,123,0
16,5.54,5.31,681987.0,3,3.8,131,0
2,6.22,1.24,618501.0,2,3.2,73,0
12,6.1,9.48,377639.0,4,4.9,235,1
9,6.24,3.87,206545.0,0,3.1,146,0
12,1.35,3.3,84549.0,8,3.4,215,0
23,6.94,9.99,396973.0,8,3.6,116,0
1,6.75,7.47,661082.0,8,2.8,269,1
24,6.83,1.43,597261.0,6,3.5,218,0
11,0.74,1.56,356451.0,4,4.6,99,0
19,4.47,1.23,496027.0,8,2.9,288,0
10,4.09,6.4,377185.0,10,4.0,259,1
7,0.87,1.64,484262.0,1,3.5,177,0
19,2.22,9.4,438129.0,4,2.9,4,0
17,4.41,9.43,560725.0,11,2.5,177,1
3,7.43,5.91,430782.0,10,3.2,207,1
17,2.37,6.55,755458.0,11,2.7,109,0
18,8.3,3.63,371021.0,2,3.4,43,0
9,5.46,1.58,61937.0,5,4.5,169,0
23,7.6,7.64,227280.0,1,4.3,240,1
16,4.73,1.92,425455.0,10,4.9,95,0
8,4.99,1.77,455429.0,6,3.6,136,0
0,6.2,3.8,464289.0,2,4.3,0,0
16,9.28,1.11,585914.0,1,4.2,211,0
5,4.92,4.91,255986.0,8,3.0,259,1
18,5.29,7.37,548678.0,9,3.3,232,1
13,6.02,8.21,578024.0,10,3.8,128,1
11,7.38,6.44,358461.0,11,4.5,13,1
4,0.72,8.62,351627.0,9,3.7,147,1
17,5.16,4.66,184194.0,9,3.1,282,0
4,4.82,8.64,360491.0,9,5.0,25,1
10,9.22,5.56,640112.0,11,2.8,64,1
20,4.94,3.01,731730.0,5,4.9,251,1
23,4.68,9.5,495210.0,9,4.5,170,1
24,9.62,3.47,274528.0,9,4.6,51,1
23,4.51,1.24,561717.0,1,4.5,7,0
13,1.81,3.18,605110.0,8,3.0,123,0
5,2.17,4.3,299160.0,4,4.1,178,0
20,0.95,4.16,669911.0,1,4.4,252,0
20,0.01,5.72,105272.0,2,4.4,265,0
24,4.32,8.95,58065.0,1,3.2,137,0
16,7.69,3.63,142228.0,10,3.0,126,0
3,7.33,5.69,167006.0,9,3.3,279,1
12,0.32,4.06,709197.0,1,3.7,233,0
11,5.7,8.4,368736.0,7,3.9,62,1
21,1.54,2.42,256199.0,7,4.6,204,0
9,9.41,1.93,371806.0,6,4.4,214,1
8,1.67,5.53,346131.0,7,4.2,70,0
2,6.27,7.05,276096.0,10,3.2,293,1
20,3.26,8.16,153425.0,6,3.7,89,0
18,6.42,6.31,541937.0,7,3.3,164,1
1,4.12,7.96,152453.0,6,3.1,148,0
10,7.6,4.53,631568.0,4,2.5,207,1
11,2.31,1.3,201266.0,10,3.3,270,0
11,9.06,2.04,598528.0,4,3.1,117,0
22,5.0,1.35,654190.0,9,3.9,115,0
3,7.56,3.96,143995.0,7,2.7,225,1
7,8.5,5.46,115059.0,8,3.2,285,1
4,9.99,4.21,762180.0,9,2.6,272,1
6,2.24,6.05,397285.0,8,4.1,225,0
22,2.87,5.33,522677.0,6,3.9,210,1
23,2.5,7.1,67445.0,7,3.3,230,0
1,2.63,7.0,259033.0,6,2.9,280,0
15,5.82,3.86,429048.0,4,4.9,3,1
5,9.94,4.12,714664.0,8,4.0,176,1
4,9.9,6.27,253580.0,10,4.2,10,1
7,5.27,6.37,631393.0,8,3.8,173,1
4,6.39,3.83,546660.0,9,4.5,118,1
12,8.6,3.97,136453.0,9,4.7,91,1
24,9.33,7.25,270031.0,4,3.5,267,0
14,2.04,6.83,228398.0,0,4.2,212,0
18,5.29,2.22,381896.0,4,3.1,170,0
12,8.33,4.97,526501.0,9,4.1,264,1
0,3.03,9.03,375065.0,9,3.5,29,1
2,4.4,1.33,233402.0,6,2.5,193,0
6,9.86,8.7,571909.0,9,4.9,46,1
6,9.85,2.47,488353.0,0,4.7,69,1
21,9.06,5.57,439485.0,7,3.2,55,0
21,7.98,4.82,465815.0,8,5.0,163,1
21,2.69,1.09,216425.0,6,3.3,188,0
15,3.21,9.24,560323.0,8,3.6,226,1
13,5.47,5.09,340625.0,5,4.6,132,1
16,5.61,9.59,322601.0,6,3.3,281,1
10,5.06,3.58,162301.0,7,3.6,112,0
16,6.37,8.8,497628.0,9,4.2,46,1
19,4.08,9.3,501998.0,2,2.8,10,0
19,7.49,6.01,305225.0,3,3.6,38,0
15,3.34,2.82,694888.0,5,3.3,133,0
1,3.31,7.17,684093.0,2,4.2,123,1
18,1.27,5.94,131791.0,4,2.8,256,0
9,1.89,9.5,571279.0,4,3.1,37,0
18,8.51,4.95,345376.0,3,4.3,78,0
13,4.46,3.42,799786.0,4,2.9,294,0
22,2.28,2.24,218768.0,6,3.6,8,0
8,7.59,7.29,260393.0,8,4.3,127,1
23,5.54,9.77,381580.0,3,4.4,59,0
21,0.21,1.26,251536.0,10,2.7,160,0
8,3.16,7.66,568995.0,5,4.6,292,1
12,1.77,9.34,410681.0,8,4.3,68,0
13,6.56,1.67,215659.0,1,3.3,111,0
19,2.75,1.99,429781.0,2,4.4,134,0
17,0.65,7.23,716591.0,5,4.3,239,1
21,0.55,6.83,644297.0,4,4.0,295,1
9,5.82,1.62,424122.0,5,3.9,28,0
12,0.22,8.51,266369.0,1,4.3,146,0
10,8.49,5.71,184915.0,5,5.0,225,1
22,1.55,9.16,708787.0,8,3.9,2,1
7,6.07,8.9,582625.0,8,4.5,241,0
14,4.45,8.31,479122.0,2,4.4,72,0
3,4.43,5.64,709576.0,4,4.6,155,1
21,0.72,3.27,141268.0,6,4.9,293,0
9,8.03,5.55,561867.0,6,3.0,190,1
8,8.93,1.91,212534.0,9,2.9,296,1
14,0.11,6.93,140433.0,4,4.0,181,0
12,1.79,2.21,399206.0,8,3.6,63,1
21,9.04,5.6,340545.0,10,3.9,207,1
13,5.49,1.49,755880.0,3,4.5,184,1
12,1.5,3.7,292985.0,9,4.8,93,0
2,2.03,3.09,661177.0,3,3.5,23,0
0,6.6,6.58,611620.0,4,4.3,194,1
9,7.25,8.08,550943.0,7,3.0,173,1
24,5.99,1.52,740300.0,7,3.8,232,1
22,9.53,8.65,355943.0,6,2.6,37,0
15,4.94,8.75,342253.0,2,3.8,161,0
15,3.0,4.08,170711.0,1,3.9,245,0
9,4.77,6.93,256822.0,10,4.3,267,1
4,3.6,4.62,709832.0,10,4.1,281,1
0,2.24,2.39,405787.0,10,3.4,63,0
8,0.46,5.76,306015.0,6,2.5,51,0
7,3.52,1.78,212084.0,10,2.8,172,0
4,7.11,8.91,413720.0,5,4.9,138,1
6,0.18,9.32,587499.0,0,4.8,70,1
0,4.39,8.39,265019.0,2,3.3,30,0
15,6.44,6.06,618287.0,3,3.1,43,0
23,6.1,6.02,522341.0,4,3.6,101,0
17,7.77,9.86,640672.0,11,4.2,221,1
11,8.11,3.23,238182.0,3,3.4,19,0
10,7.12,1.68,523271.0,7,2.7,31,0
7,1.03,6.06,165301.0,3,3.5,79,0
3,4.75,3.96,322848.0,7,3.2,262,0
14,6.03,3.9,593270.0,6,3.3,297,1
14,2.46,1.06,523751.0,1,2.9,132,0
0,0.43,6.37,190896.0,5,4.1,13,0
10,2.24,3.38,693757.0,1,3.8,3,0
6,4.55,2.69,90013.0,10,3.2,257,0
4,4.14,1.36,496412.0,8,3.9,133,0
17,1.77,4.28,787865.0,11,3.7,23,0
13,8.24,8.91,448629.0,10,4.5,250,1
15,9.26,4.03,650504.0,2,4.9,158,1
17,2.01,7.11,496386.0,8,2.8,104,1
24,9.3,7.81,637316.0,1,4.7,135,1
20,0.18,3.95,541696.0,11,4.3,67,0
15,9.25,8.39,568349.0,9,4.2,279,1
21,9.52,7.23,220858.0,8,3.4,236,1
11,0.12,6.03,606366.0,11,3.4,59,0
24,7.63,1.01,228432.0,10,2.5,220,0
19,9.7,1.32,785480.0,10,5.0,53,1
16,9.06,9.92,220840.0,1,4.0,135,0
22,9.71,8.04,227513.0,0,3.5,224,0
12,5.5,9.44,694005.0,11,3.9,10,1
18,0.78,9.12,232239.0,3,2.6,217,0
7,8.5,1.18,320677.0,5,2.9,67,1
24,6.14,8.13,585980.0,0,4.1,209,0
15,6.15,5.06,169061.0,7,3.8,149,1
19,4.17,8.11,169304.0,9,4.5,7,0
11,5.72,1.06,414769.0,10,4.1,228,0
21,1.54,3.59,232773.0,6,4.0,77,0
1,7.4,7.76,226743.0,7,4.5,285,1
2,0.75,8.14,56929.0,6,2.7,251,0
12,7.3,6.58,327837.0,5,4.2,57,1
18,8.49,3.71,288688.0,6,4.3,180,1
20,4.72,3.79,73367.0,11,3.2,108,0
11,5.1,9.7,515925.0,3,3.0,180,1
16,3.12,4.95,519991.0,5,3.0,167,0
13,9.69,5.02,103100.0,7,3.0,88,1
24,7.33,5.97,287781.0,6,3.8,195,0
16,3.69,4.69,704604.0,0,2.8,78,0
10,1.75,5.97,486625.0,3,4.1,272,0
24,2.2,4.89,358981.0,7,2.8,283,0
2,4.64,8.44,398826.0,8,2.6,49,0
24,9.43,9.18,206210.0,8,3.3,218,0
3,7.34,9.39,658911.0,11,3.0,278,1
7,2.15,6.08,735504.0,8,5.0,38,0
20,8.6,4.98,732998.0,6,3.3,221,1
18,3.78,7.35,217951.0,3,3.1,281,0
24,8.52,8.54,283055.0,4,3.0,67,0
18,2.42,6.07,170467.0,9,3.4,174,0
15,6.19,7.3,280401.0,5,4.0,239,1
8,9.27,7.75,299604.0,8,4.5,100,1
0,2.58,7.09,524829.0,1,3.4,71,0
3,6.93,7.72,192235.0,1,4.1,119,1
7,9.87,2.88,739548.0,2,3.7,100,0
1,1.51,5.49,127325.0,2,4.6,217,0
12,0.88,6.29,55159.0,7,3.9,111,0
19,6.74,1.02,691209.0,7,3.2,112,0
24,3.4,8.7,577827.0,6,4.3,283,1
12,0.71,6.49,316520.0,3,4.6,173,1
21,4.75,2.16,496625.0,6,3.7,278,0
24,7.54,8.35,217658.0,1,5.0,213,1
21,2.85,7.45,176292.0,5,4.7,265,0
11,3.35,7.82,403362.0,1,3.0,58,0
8,8.46,4.53,314891.0,0,4.5,281,1
24,5.2,8.69,511423.0,1,4.0,283,1
6,8.43,4.73,213612.0,1,3.8,12,0
10,4.46,6.13,547196.0,5,3.8,106,1
1,9.53,1.01,625146.0,6,4.6,123,1
19,6.51,6.8,174977.0,7,4.0,125,0
16,1.16,7.46,82894.0,5,3.8,233,0
2,8.85,6.1,379691.0,2,2.6,209,0
5,4.89,5.47,630518.0,0,3.6,63,0
13,1.42,8.29,538085.0,8,4.8,182,1
13,1.53,7.13,576411.0,11,4.3,292,1
20,6.88,3.5,352130.0,3,2.6,132,0
6,0.47,9.63,226209.0,2,4.7,278,1
23,2.87,7.37,448834.0,3,4.6,194,0
11,1.4,9.89,203274.0,2,3.9,277,0
20,4.41,9.74,594672.0,2,2.6,270,0
5,4.14,9.27,197725.0,5,3.9,5,1
0,5.22,7.8,268447.0,9,2.6,240,0
1,2.8,6.48,429909.0,8,3.3,56,1
9,0.32,2.55,415032.0,11,4.1,247,0
23,6.14,5.89,500637.0,4,4.8,242,0
1,3.74,7.89,378083.0,5,3.4,77,0
9,6.51,5.69,739605.0,4,4.7,19,1
2,1.09,8.81,679951.0,0,4.8,125,1
23,0.14,1.99,709335.0,4,2.6,90,0
16,2.48,4.43,522137.0,3,3.1,166,0
19,4.57,5.55,526256.0,5,4.3,24,0
17,3.94,4.89,506899.0,1,4.4,13,0
16,8.1,1.98,376163.0,8,3.5,131,0
19,3.78,2.38,291580.0,10,4.1,230,0
0,5.3,8.54,494002.0,11,4.0,94,1
21,5.94,5.36,69149.0,1,4.3,97,0
18,0.22,1.44,55592.0,1,4.3,49,0
18,5.15,1.15,688731.0,11,2.7,84,0
9,3.45,5.26,84818.0,10,2.9,89,0
20,4.21,2.48,443596.0,7,2.8,77,0
9,1.0,7.35,511241.0,3,4.8,103,0
1,7.83,8.16,198628.0,6,4.8,85,1
22,9.42,3.05,721798.0,6,4.5,204,1
5,0.22,6.33,192572.0,10,2.8,101,0
2,6.01,2.39,713386.0,6,3.9,226,1
15,7.64,3.73,622243.0,0,3.0,181,0
5,2.85,9.0,230557.0,8,3.4,192,0
21,7.88,5.9,163058.0,9,3.2,175,0
11,6.32,8.97,287175.0,3,4.6,276,1
0,9.29,3.03,348463.0,1,2.9,76,0
23,9.81,3.97,234339.0,1,4.1,294,0
12,0.42,5.24,799169.0,10,5.0,61,1
6,4.45,5.32,222239.0,5,4.2,41,1
16,5.47,9.98,672976.0,6,2.7,247,1
13,1.47,2.03,169338.0,11,4.8,268,0
0,3.36,8.67,785183.0,0,4.1,27,1
18,9.88,8.77,219143.0,2,3.6,179,0
10,0.16,5.98,366266.0,9,4.1,153,0
17,4.53,4.1,468923.0,6,4.7,66,0
22,8.43,5.67,140214.0,0,3.7,156,0
15,3.24,3.63,662615.0,8,3.8,205,1
16,4.8,8.19,256014.0,1,3.6,172,0
6,9.78,5.48,461952.0,9,2.7,155,1
5,4.75,9.33,462225.0,9,4.5,265,1
10,1.31,6.6,501980.0,9,2.8,67,1
21,0.52,5.63,91614.0,5,3.5,187,0
13,9.45,7.4,176464.0,3,3.5,94,0
8,2.66,5.54,170894.0,10,3.2,292,0
19,5.04,9.14,276538.0,6,3.5,75,1
21,0.91,2.66,158686.0,7,4.0,261,0
22,4.24,9.76,741441.0,1,3.3,189,0
7,9.3,8.31,434716.0,7,2.9,64,1
17,5.02,8.75,517681.0,6,4.7,227,1
14,9.71,5.35,318116.0,3,4.9,72,1
11,2.59,8.53,257185.0,9,3.6,78,0
9,5.05,3.76,427383.0,1,3.3,103,0
2,8.6,7.86,270742.0,8,2.6,204,1
6,4.48,2.26,307734.0,11,2.6,117,0
13,2.79,3.76,389563.0,6,3.5,170,0
22,8.55,5.01,429300.0,1,4.8,165,1
21,3.9,3.9,788236.0,6,4.3,58,1
4,5.31,4.48,217492.0,6,3.4,69,0
16,9.77,8.38,415982.0,6,4.9,92,1
2,1.86,3.31,162134.0,3,3.6,66,0
16,3.01,7.71,312499.0,7,3.2,275,1
8,0.31,1.66,587983.0,3,3.6,114,0
11,3.92,7.89,180847.0,6,3.0,121,0
17,2.0,8.13,486013.0,7,4.7,201,1
10,6.8,4.62,362526.0,7,3.4,236,1
20,1.81,7.5,88685.0,9,4.1,206,0
13,6.75,9.24,749806.0,10,3.5,165,1
24,2.63,8.21,360202.0,9,4.8,292,1
15,3.55,4.51,637945.0,9,4.1,269,1
7,3.49,5.36,362235.0,10,3.7,60,1
19,7.17,8.01,753020.0,2,2.8,48,0
10,4.67,3.63,267853.0,3,4.8,117,1
13,3.61,8.23,359173.0,6,3.9,250,0
3,8.53,3.95,619148.0,5,3.2,289,1
2,5.72,8.25,307750.0,8,4.7,210,1
14,2.14,1.78,323268.0,0,2.6,207,0
4,9.0,1.4,796117.0,1,3.3,70,0
24,3.43,9.98,466711.0,8,3.8,177,1
21,0.39,8.83,567035.0,9,3.3,55,0
17,4.95,8.95,532597.0,3,3.7,161,1
18,1.24,9.56,670943.0,3,3.2,58,0
14,2.38,4.94,696369.0,6,2.8,22,0
1,7.47,3.58,472442.0,5,2.6,290,0
9,1.31,2.17,270917.0,2,2.9,268,0
12,8.07,5.51,67100.0,6,4.9,205,1
22,9.37,2.98,510802.0,9,3.9,187,0
5,6.07,9.42,669102.0,8,3.7,71,1
12,7.1,1.04,387905.0,9,3.5,171,0
8,7.14,2.29,173530.0,7,4.3,224,0
3,9.93,3.22,266062.0,10,2.9,161,1
2,3.42,2.79,432492.0,2,3.2,84,0
9,1.63,3.03,677511.0,0,4.1,117,0
2,5.19,6.9,178815.0,1,3.7,252,1
1,5.33,3.95,509112.0,11,4.4,76,1
8,1.78,6.54,615026.0,7,4.7,288,1
5,6.13,9.01,752036.0,2,4.6,226,1
13,0.14,6.42,137528.0,10,3.0,267,0
0,9.28,7.25,744794.0,3,2.7,152,1
7,2.65,4.29,501101.0,7,2.9,67,0
11,0.4,2.44,625026.0,2,4.5,10,0
24,1.08,3.89,90331.0,1,4.8,160,0
15,2.4,9.68,429611.0,3,4.8,119,1
22,2.74,6.6,516972.0,2,3.2,34,0
8,0.33,3.5,280125.0,6,4.6,278,1
11,2.79,5.06,373738.0,0,3.8,291,0
10,1.93,8.52,465724.0,2,4.6,112,0
22,3.79,7.02,464411.0,6,3.9,200,0
23,3.85,6.05,81396.0,4,2.9,123,0
24,3.39,8.97,379611.0,7,2.7,149,0
18,3.28,7.05,210364.0,7,4.9,187,0
12,0.9,6.78,737521.0,11,3.6,124,1
13,0.25,2.71,782435.0,10,3.4,240,0
24,2.02,1.96,274735.0,2,3.4,56,0
7,7.57,9.69,181389.0,8,3.4,200,1
8,9.91,6.39,214628.0,7,4.9,294,1
22,9.29,4.74,408314.0,7,2.7,255,0
9,5.04,6.3,705879.0,9,2.8,13,1
5,5.32,1.56,425027.0,1,4.5,34,0
14,3.15,8.4,91544.0,4,3.9,188,0
8,7.74,2.95,79914.0,9,2.8,277,0
22,7.65,8.24,220543.0,10,2.6,253,0
22,8.44,5.81,682078.0,0,3.1,271,0
7,8.96,3.49,516110.0,5,3.2,44,1
13,4.34,1.27,472218.0,3,2.5,155,0
24,7.67,8.34,289227.0,2,3.0,217,0
18,8.06,2.59,747069.0,0,4.3,187,0
5,3.08,1.47,298384.0,6,4.6,233,0
14,9.29,7.8,676208.0,8,4.7,63,1
15,0.94,4.15,721928.0,6,3.5,137,0
16,9.94,4.5,412501.0,4,3.3,134,0
0,7.7,3.22,720717.0,9,5.0,281,1
7,0.93,8.73,257602.0,7,4.4,60,1
21,6.56,3.68,543825.0,10,3.8,97,1
6,0.34,2.89,115973.0,4,3.1,6,0
7,7.7,3.78,405451.0,2,3.3,45,0
8,7.99,2.83,212999.0,5,3.8,294,1
4,6.02,3.86,97072.0,6,3.9,254,0
3,8.57,1.75,52794.0,5,2.5,77,0
8,0.98,2.43,293564.0,9,4.9,210,0
21,2.76,4.75,492148.0,0,3.9,177,0
0,4.14,8.92,391423.0,6,4.0,271,1
7,0.42,1.52,276327.0,5,3.0,90,0
1,4.48,2.91,793400.0,2,4.4,298,0
14,2.65,9.18,754644.0,7,4.3,111,1
6,3.93,9.01,144240.0,9,2.7,215,0
19,4.25,7.12,361331.0,6,4.0,119,0
14,8.79,3.16,536635.0,1,4.1,201,0
19,2.7,4.78,600118.0,0,4.6,100,0
15,8.94,2.9,324779.0,5,3.0,252,1
10,4.26,2.16,609711.0,8,4.7,191,0
21,3.28,4.42,143113.0,3,3.7,86,0
11,5.03,6.18,298859.0,3,2.7,288,1
23,4.18,4.24,587325.0,10,2.8,212,0
24,2.57,6.5,519262.0,0,3.0,128,0
14,5.03,3.67,677908.0,0,3.2,40,0
16,1.52,4.11,85143.0,1,3.7,291,0
6,3.52,8.12,180794.0,11,4.4,226,1
20,5.66,8.9,86371.0,5,3.0,200,1
16,4.13,3.9,194086.0,1,5.0,249,0
22,8.24,6.14,53212.0,3,2.9,182,0
6,2.57,3.5,428158.0,11,4.0,69,0
19,9.7,1.48,446236.0,8,4.8,71,1
11,7.85,7.64,543419.0,2,4.6,23,1
4,9.68,2.54,338684.0,2,4.1,18,1
4,8.38,4.83,52406.0,0,4.3,218,0
14,1.42,5.38,555418.0,9,2.8,255,0
7,5.26,2.66,90718.0,1,2.5,49,0
2,1.7,1.85,699628.0,3,3.6,172,0
10,8.18,4.13,66990.0,4,2.7,37,0
16,5.84,9.57,447856.0,7,3.4,124,1
7,2.63,6.54,721188.0,7,3.1,237,0
23,9.3,4.43,479367.0,9,4.8,243,1
19,1.15,1.35,506313.0,3,4.7,284,0
12,5.64,6.4,561208.0,4,4.5,93,1
23,7.21,1.83,141807.0,4,4.3,284,0
10,0.59,5.88,556195.0,0,2.9,235,0
3,5.98,7.77,710266.0,8,2.6,101,1
0,8.16,4.81,780666.0,6,4.1,98,1
23,0.68,3.69,382289.0,5,4.1,32,0
23,5.12,1.43,308379.0,11,3.4,276,0
18,2.59,1.22,614982.0,2,3.7,60,0
2,6.63,4.87,457156.0,11,3.7,80,1
7,1.19,8.95,242978.0,8,3.1,123,0
1,9.37,3.2,179118.0,2,3.3,41,0
1,8.95,6.17,177673.0,8,3.5,241,1
6,1.86,7.16,394383.0,9,4.0,209,1
14,3.23,1.55,177593.0,4,4.9,46,0
1,5.88,2.38,64789.0,4,3.8,48,0
24,7.18,3.98,89067.0,10,4.3,6,0
11,4.43,7.03,747413.0,1,4.5,284,1
6,1.56,4.95,104721.0,0,2.8,130,0
12,1.04,7.61,104886.0,7,4.1,196,0
19,10.0,8.81,388391.0,10,3.7,44,1
7,4.55,7.83,233825.0,6,3.9,69,0
1,8.73,9.93,772020.0,1,2.6,162,1
1,4.82,7.79,733239.0,6,4.8,62,1
21,9.22,8.67,353557.0,3,4.9,183,1
2,0.88,8.49,386549.0,9,2.5,277,0
15,1.14,7.57,331335.0,7,3.0,91,0
9,9.3,8.22,78400.0,4,3.0,182,0
19,9.47,9.41,269635.0,7,4.5,274,1
1,3.15,5.28,142005.0,8,4.0,268,1
22,3.55,6.74,126778.0,8,2.9,2,0
17,4.52,5.63,470646.0,4,4.5,33,1
11,4.16,8.66,124074.0,6,3.4,295,0
5,1.9,4.88,127198.0,0,3.7,277,0
24,8.98,8.38,410385.0,4,3.5,96,1
7,2.53,8.19,381712.0,4,3.8,156,0
12,7.05,9.66,153226.0,6,3.7,171,1
9,0.67,3.24,53337.0,11,3.2,200,0
5,0.39,7.39,194731.0,11,3.6,225,0
10,6.54,7.81,226919.0,5,4.8,111,0
3,3.39,9.43,650186.0,7,3.8,266,1
0,6.55,9.16,736579.0,1,4.8,17,1
7,0.94,6.16,354458.0,5,3.9,9,0
2,9.5,6.21,353770.0,8,4.4,287,1
10,7.49,2.51,584361.0,8,3.2,53,1
21,8.76,9.77,520192.0,11,4.5,298,1
4,1.36,3.3,188105.0,5,3.2,85,0
0,3.2,7.52,130767.0,10,2.5,109,0
2,3.68,8.16,378209.0,11,2.9,8,1
12,5.37,4.97,473621.0,6,2.6,283,0
6,2.97,2.9,154031.0,1,4.9,107,0
12,0.61,2.7,269955.0,4,5.0,50,0
0,3.69,8.71,279457.0,9,4.4,145,1
8,2.55,5.6,245974.0,6,2.8,46,0
10,3.86,1.81,395571.0,11,4.7,236,0
10,1.97,7.45,539798.0,9,4.4,21,0
13,2.62,3.25,432042.0,0,3.3,149,0
19,6.27,8.89,201092.0,10,3.8,117,1
11,3.88,3.79,127204.0,4,4.2,11,1
21,3.45,2.8,666403.0,9,2.6,15,0
